{
    "XYX": 0.057926829268292686,
    "XXZ": 0.04573170731707317,
    "XYY": 0.027439024390243903
}