{
    "XYX": 0.05011389521640091,
    "XXZ": 0.04328018223234624,
    "XYY": 0.029612756264236904
}