{
    "XYX": 0.21875,
    "XXZ": 0.0625,
    "XYY": 0.09375
}